taxon_oid	Domain	Sequencing Status	Study Name	Genome Name / Sample Name	Sequencing Center	IMG Genome ID	GOLD Study ID	Ecosystem	Ecosystem Category	Ecosystem Subtype	Ecosystem Type	Specific Ecosystem	Latitude	Longitude	Genome Size  * assembled	Gene Count  * assembled
3300069301	*Microbiome	Permanent Draft	Terrestrial soil microbial communities from various NEON sites located in USA and Puerto Rico	Terrestrial soil microbial communities from Caribou Creek Watershed, Alaska, USA - BONA_001-O-20210708-comp-1 re-annotation	DOE Joint Genome Institute  (JGI)	3300069301	Gs0161344	Environmental	Terrestrial	Boreal forest/Taiga	Soil	Unclassified	65.174447	-147.478155	3440548901	7717678
3300060649	*Microbiome	Permanent Draft	Terrestrial soil microbial communities from various NEON sites located in USA and Puerto Rico	Terrestrial soil microbial communities from Caribou Creek Watershed, Alaska, USA - BONA_001-O-20210708-comp-1	DOE Joint Genome Institute  (JGI)	3300060649	Gs0161344	Environmental	Terrestrial	Boreal forest/Taiga	Soil	Unclassified	65.174447	-147.478155	2171833206	3590934
3300069227	*Microbiome	Permanent Draft	Terrestrial soil microbial communities from various NEON sites located in USA and Puerto Rico	Terrestrial soil microbial communities from Great Basin, Onaqui, Utah, USA - ONAQ_008-M-20210524-comp-1 re-annotation	DOE Joint Genome Institute  (JGI)	3300069227	Gs0161344	Environmental	Terrestrial	Shrubland	Soil	Unclassified	40.15854	-112.521574	1900961871	4951528
3300060665	*Microbiome	Permanent Draft	Terrestrial soil microbial communities from various NEON sites located in USA and Puerto Rico	Terrestrial soil microbial communities from Lower Teakettle, Sierra National Forest, California, USA - TEAK_002-O-20210720-comp-1	DOE Joint Genome Institute  (JGI)	3300060665	Gs0161344	Environmental	Terrestrial	Temperate forest	Soil	Unclassified	36.978454	-119.035693	958813025	1632731
3300060695	*Microbiome	Permanent Draft	Terrestrial soil microbial communities from various NEON sites located in USA and Puerto Rico	Terrestrial soil microbial communities from Toolik Field Station, Alaska, USA - TOOL_006-O-20210804-comp-1	DOE Joint Genome Institute  (JGI)	3300060695	Gs0161344	Environmental	Terrestrial	Tundra	Soil	Unclassified	68.622127	-149.280182	2575568652	4252469
3300069247	*Microbiome	Permanent Draft	Terrestrial soil microbial communities from various NEON sites located in USA and Puerto Rico	Terrestrial soil microbial communities from Toolik Field Station, Alaska, USA - TOOL_002-O-20210804-comp-1 re-annotation	DOE Joint Genome Institute  (JGI)	3300069247	Gs0161344	Environmental	Terrestrial	Tundra	Soil	Unclassified	68.627943	-149.347229	2203447209	4867161
3300069277	*Microbiome	Permanent Draft	Terrestrial soil microbial communities from various NEON sites located in USA and Puerto Rico	Terrestrial soil microbial communities from Niwot Ridge, Colorado, USA - NIWO_001-O-20210728-comp-1 re-annotation	DOE Joint Genome Institute  (JGI)	3300069277	Gs0161344	Environmental	Terrestrial	Temperate forest	Soil	Unclassified	40.042345	-105.558975	2360663848	5740347
3300060655	*Microbiome	Permanent Draft	Terrestrial soil microbial communities from various NEON sites located in USA and Puerto Rico	Terrestrial soil microbial communities from Wind River Experimental Forest, Washington, USA - WREF_073-O-20210623-comp-1	DOE Joint Genome Institute  (JGI)	3300060655	Gs0161344	Environmental	Terrestrial	Temperate forest	Soil	Unclassified	45.825842	-121.960125	1243731233	2155346
3300061175	*Microbiome	Permanent Draft	Terrestrial soil microbial communities from various NEON sites located in USA and Puerto Rico	Terrestrial soil microbial communities from Yellowstone NP, Wyoming, USA - YELL_012-O-20210708-comp-1	DOE Joint Genome Institute  (JGI)	3300061175	Gs0161344	Environmental	Terrestrial	Temperate forest	Soil	Unclassified	44.944613	-110.433659	1813525940	3135710
3300060643	*Microbiome	Permanent Draft	Terrestrial soil microbial communities from various NEON sites located in USA and Puerto Rico	Terrestrial soil microbial communities from National Grasslands LBJ, Texas, USA - CLBJ_001-M-20210506-comp-1	DOE Joint Genome Institute  (JGI)	3300060643	Gs0161344	Environmental	Terrestrial	Grasslands	Soil	Unclassified	33.39799	-97.56834	1744773601	3142766
3300069215	*Microbiome	Permanent Draft	Terrestrial soil microbial communities from various NEON sites located in USA and Puerto Rico	Terrestrial soil microbial communities from National Grasslands LBJ, Texas, USA - CLBJ_006-M-20210506-comp-1 re-annotation	DOE Joint Genome Institute  (JGI)	3300069215	Gs0161344	Environmental	Terrestrial	Grasslands	Soil	Unclassified	33.39823	-97.56673	3630159317	8549366
3300069282	*Microbiome	Permanent Draft	Terrestrial soil microbial communities from various NEON sites located in USA and Puerto Rico	Terrestrial soil microbial communities from Santa Rita Experimental Range, Tucson, Arizona, USA - SRER_004-M-20210809-comp-1 re-annotation	DOE Joint Genome Institute  (JGI)	3300069282	Gs0161344	Environmental	Terrestrial	Desert	Soil	Unclassified	31.906778	-110.815262	918269569	2247348
3300060885	*Microbiome	Permanent Draft	Terrestrial soil microbial communities from various NEON sites located in USA and Puerto Rico	Terrestrial soil microbial communities from Chase Lake Wetlands, North Dakota, USA - WOOD_004-M-20210714-comp-1	DOE Joint Genome Institute  (JGI)	3300060885	Gs0161344	Environmental	Terrestrial	Wetlands	Soil	Unclassified	47.12584	-99.253801	3352712117	5468796
3300060913	*Microbiome	Permanent Draft	Terrestrial soil microbial communities from various NEON sites located in USA and Puerto Rico	Terrestrial soil microbial communities from Toolik Field Station, Alaska, USA - TOOL_004-O-20210805-comp-1	DOE Joint Genome Institute  (JGI)	3300060913	Gs0161344	Environmental	Terrestrial	Tundra	Soil	Unclassified	68.616768	-149.629355	2723218105	4154624
3300060729	*Microbiome	Permanent Draft	Terrestrial soil microbial communities from various NEON sites located in USA and Puerto Rico	Terrestrial soil microbial communities from Yellowstone NP, Wyoming, USA - YELL_046-M-20210705-comp-1	DOE Joint Genome Institute  (JGI)	3300060729	Gs0161344	Environmental	Terrestrial	Temperate forest	Soil	Unclassified	44.952363	-110.541582	929469631	1698143
3300060779	*Microbiome	Permanent Draft	Terrestrial soil microbial communities from various NEON sites located in USA and Puerto Rico	Terrestrial soil microbial communities from Wind River Experimental Forest, Washington, USA - WREF_004-M-20210622-comp-1	DOE Joint Genome Institute  (JGI)	3300060779	Gs0161344	Environmental	Terrestrial	Temperate forest	Soil	Unclassified	45.822941	-121.998707	1814049538	3169050
3300069208	*Microbiome	Permanent Draft	Terrestrial soil microbial communities from various NEON sites located in USA and Puerto Rico	Terrestrial soil microbial communities from Chase Lake Wetlands, North Dakota, USA - WOOD_043-M-20210712-comp-1 re-annotation	DOE Joint Genome Institute  (JGI)	3300069208	Gs0161344	Environmental	Terrestrial	Wetlands	Soil	Unclassified	47.131002	-99.242763	2802353118	6391054
3300061202	*Microbiome	Permanent Draft	Terrestrial soil microbial communities from various NEON sites located in USA and Puerto Rico	Terrestrial soil microbial communities from Great Basin, Onaqui, Utah, USA - ONAQ_008-M-20210524-comp-1	DOE Joint Genome Institute  (JGI)	3300061202	Gs0161344	Environmental	Terrestrial	Shrubland	Soil	Unclassified	40.15854	-112.521574	917662755	1716085
3300069292	*Microbiome	Permanent Draft	Terrestrial soil microbial communities from various NEON sites located in USA and Puerto Rico	Terrestrial soil microbial communities from Healy, Denali National Park, Alaska, USA - HEAL_048-O-20210622-comp-1 re-annotation	DOE Joint Genome Institute  (JGI)	3300069292	Gs0161344	Environmental	Terrestrial	Boreal forest/Taiga	Soil	Unclassified	63.875088	-149.210438	2765718207	5958648
3300069262	*Microbiome	Permanent Draft	Terrestrial soil microbial communities from various NEON sites located in USA and Puerto Rico	Terrestrial soil microbial communities from Chase Lake Wetlands, North Dakota, USA - WOOD_001-M-20210714-comp-1 re-annotation	DOE Joint Genome Institute  (JGI)	3300069262	Gs0161344	Environmental	Terrestrial	Wetlands	Soil	Unclassified	47.128258	-99.257768	2581360018	6218587
3300060895	*Microbiome	Permanent Draft	Terrestrial soil microbial communities from various NEON sites located in USA and Puerto Rico	Terrestrial soil microbial communities from Lower Teakettle, Sierra National Forest, California, USA - TEAK_005-M-20210728-comp-1	DOE Joint Genome Institute  (JGI)	3300060895	Gs0161344	Environmental	Terrestrial	Temperate forest	Soil	Unclassified	37.058229	-118.988578	1962208025	3405908
3300061637	*Microbiome	Permanent Draft	Terrestrial soil microbial communities from various NEON sites located in USA and Puerto Rico	Terrestrial soil microbial communities from Yellowstone NP, Wyoming, USA - YELL_003-M-20210708-comp-1	DOE Joint Genome Institute  (JGI)	3300061637	Gs0161344	Environmental	Terrestrial	Temperate forest	Soil	Unclassified	44.954777	-110.533202	1393141085	2453808
3300069268	*Microbiome	Permanent Draft	Terrestrial soil microbial communities from various NEON sites located in USA and Puerto Rico	Terrestrial soil microbial communities from Yellowstone NP, Wyoming, USA - YELL_046-M-20210705-comp-1 re-annotation	DOE Joint Genome Institute  (JGI)	3300069268	Gs0161344	Environmental	Terrestrial	Temperate forest	Soil	Unclassified	44.952363	-110.541582	1874275737	4830121
3300069252	*Microbiome	Permanent Draft	Terrestrial soil microbial communities from various NEON sites located in USA and Puerto Rico	Terrestrial soil microbial communities from Yellowstone NP, Wyoming, USA - YELL_005-M-20210708-comp-1 re-annotation	DOE Joint Genome Institute  (JGI)	3300069252	Gs0161344	Environmental	Terrestrial	Temperate forest	Soil	Unclassified	44.948383	-110.631377	1634258714	4307086
3300069283	*Microbiome	Permanent Draft	Terrestrial soil microbial communities from various NEON sites located in USA and Puerto Rico	Terrestrial soil microbial communities from Yellowstone NP, Wyoming, USA - YELL_002-M-20210706-comp-1 re-annotation	DOE Joint Genome Institute  (JGI)	3300069283	Gs0161344	Environmental	Terrestrial	Temperate forest	Soil	Unclassified	44.932467	-110.634896	1084617294	2762045
3300061536	*Microbiome	Permanent Draft	Terrestrial soil microbial communities from various NEON sites located in USA and Puerto Rico	Terrestrial soil microbial communities from National Grasslands LBJ, Texas, USA - CLBJ_032-M-20210504-comp-1	DOE Joint Genome Institute  (JGI)	3300061536	Gs0161344	Environmental	Terrestrial	Grasslands	Soil	Unclassified	33.40613	-97.594	3255498829	5251302
3300060897	*Microbiome	Permanent Draft	Terrestrial soil microbial communities from various NEON sites located in USA and Puerto Rico	Terrestrial soil microbial communities from Chase Lake Wetlands, North Dakota, USA - WOOD_001-M-20210714-comp-1	DOE Joint Genome Institute  (JGI)	3300060897	Gs0161344	Environmental	Terrestrial	Wetlands	Soil	Unclassified	47.128258	-99.257768	1477232773	2601334
3300060648	*Microbiome	Permanent Draft	Terrestrial soil microbial communities from various NEON sites located in USA and Puerto Rico	Terrestrial soil microbial communities from Yellowstone NP, Wyoming, USA - YELL_002-M-20210706-comp-1	DOE Joint Genome Institute  (JGI)	3300060648	Gs0161344	Environmental	Terrestrial	Temperate forest	Soil	Unclassified	44.932467	-110.634896	559493798	1017974
3300069263	*Microbiome	Permanent Draft	Terrestrial soil microbial communities from various NEON sites located in USA and Puerto Rico	Terrestrial soil microbial communities from Toolik Field Station, Alaska, USA - TOOL_041-O-20210803-comp-1 re-annotation	DOE Joint Genome Institute  (JGI)	3300069263	Gs0161344	Environmental	Terrestrial	Tundra	Soil	Unclassified	68.666666	-149.369752	3221413903	6875234
3300069293	*Microbiome	Permanent Draft	Terrestrial soil microbial communities from various NEON sites located in USA and Puerto Rico	Terrestrial soil microbial communities from Konza Prairie Bio Station, Kansas, USA - KONZ_045-M-20210721-comp-1 re-annotation	DOE Joint Genome Institute  (JGI)	3300069293	Gs0161344	Environmental	Terrestrial	Grasslands	Soil	Unclassified	39.103827	-96.561811	4222123379	8616298
3300069217	*Microbiome	Permanent Draft	Terrestrial soil microbial communities from various NEON sites located in USA and Puerto Rico	Terrestrial soil microbial communities from Guanica State Forest and Biosphere Reserve, Puerto Rico - GUAN_043-M-20210921-comp-1 re-annotation	DOE Joint Genome Institute  (JGI)	3300069217	Gs0161344	Environmental	Terrestrial	Tropical forest	Soil	Unclassified	17.968869	-66.867682	2315546677	4963010
3300061203	*Microbiome	Permanent Draft	Terrestrial soil microbial communities from various NEON sites located in USA and Puerto Rico	Terrestrial soil microbial communities from Great Basin, Onaqui, Utah, USA - ONAQ_005-M-20210527-comp-1	DOE Joint Genome Institute  (JGI)	3300061203	Gs0161344	Environmental	Terrestrial	Shrubland	Soil	Unclassified	40.180775	-112.431854	705527840	1294377
3300061640	*Microbiome	Permanent Draft	Terrestrial soil microbial communities from various NEON sites located in USA and Puerto Rico	Terrestrial soil microbial communities from Niwot Ridge, Colorado, USA - NIWO_003-M-20210727-comp-1	DOE Joint Genome Institute  (JGI)	3300061640	Gs0161344	Environmental	Terrestrial	Temperate forest	Soil	Unclassified	40.051247	-105.565041	1882639554	3188486
3300060731	*Microbiome	Permanent Draft	Terrestrial soil microbial communities from various NEON sites located in USA and Puerto Rico	Terrestrial soil microbial communities from Chase Lake Wetlands, North Dakota, USA - WOOD_043-M-20210712-comp-1	DOE Joint Genome Institute  (JGI)	3300060731	Gs0161344	Environmental	Terrestrial	Wetlands	Soil	Unclassified	47.131002	-99.242763	1787723992	3068467
3300069253	*Microbiome	Permanent Draft	Terrestrial soil microbial communities from various NEON sites located in USA and Puerto Rico	Terrestrial soil microbial communities from Chase Lake Wetlands, North Dakota, USA - WOOD_005-M-20210708-comp-1 re-annotation	DOE Joint Genome Institute  (JGI)	3300069253	Gs0161344	Environmental	Terrestrial	Wetlands	Soil	Unclassified	47.149339	-99.251928	3421221042	8535320
3300060887	*Microbiome	Permanent Draft	Terrestrial soil microbial communities from various NEON sites located in USA and Puerto Rico	Terrestrial soil microbial communities from Guanica State Forest and Biosphere Reserve, Puerto Rico - GUAN_042-M-20210920-comp-1	DOE Joint Genome Institute  (JGI)	3300060887	Gs0161344	Environmental	Terrestrial	Tropical forest	Soil	Unclassified	17.970725	-66.863969	1415693220	2486121
3300060667	*Microbiome	Permanent Draft	Terrestrial soil microbial communities from various NEON sites located in USA and Puerto Rico	Terrestrial soil microbial communities from Wind River Experimental Forest, Washington, USA - WREF_073-M-20210623-comp-1	DOE Joint Genome Institute  (JGI)	3300060667	Gs0161344	Environmental	Terrestrial	Temperate forest	Soil	Unclassified	45.825842	-121.960125	1515078457	2718795
3300069289	*Microbiome	Permanent Draft	Terrestrial soil microbial communities from various NEON sites located in USA and Puerto Rico	Terrestrial soil microbial communities from Lower Teakettle, Sierra National Forest, California, USA - TEAK_005-M-20210728-comp-1 re-annotation	DOE Joint Genome Institute  (JGI)	3300069289	Gs0161344	Environmental	Terrestrial	Temperate forest	Soil	Unclassified	37.058229	-118.988578	3430924048	8202903
3300060657	*Microbiome	Permanent Draft	Terrestrial soil microbial communities from various NEON sites located in USA and Puerto Rico	Terrestrial soil microbial communities from Chase Lake Wetlands, North Dakota, USA - WOOD_024-M-20210714-comp-1	DOE Joint Genome Institute  (JGI)	3300060657	Gs0161344	Environmental	Terrestrial	Wetlands	Soil	Unclassified	47.151171	-99.262648	640397189	1171446
3300061177	*Microbiome	Permanent Draft	Terrestrial soil microbial communities from various NEON sites located in USA and Puerto Rico	Terrestrial soil microbial communities from Santa Rita Experimental Range, Tucson, Arizona, USA - SRER_043-M-20210809-comp-1	DOE Joint Genome Institute  (JGI)	3300061177	Gs0161344	Environmental	Terrestrial	Desert	Soil	Unclassified	31.910099	-110.837175	1699073393	3015886
3300069259	*Microbiome	Permanent Draft	Terrestrial soil microbial communities from various NEON sites located in USA and Puerto Rico	Terrestrial soil microbial communities from Wind River Experimental Forest, Washington, USA - WREF_003-O-20210622-comp-1 re-annotation	DOE Joint Genome Institute  (JGI)	3300069259	Gs0161344	Environmental	Terrestrial	Temperate forest	Soil	Unclassified	45.831516	-122.018608	3871697658	7877178
3300069209	*Microbiome	Permanent Draft	Terrestrial soil microbial communities from various NEON sites located in USA and Puerto Rico	Terrestrial soil microbial communities from Guanica State Forest and Biosphere Reserve, Puerto Rico - GUAN_006-M-20210922-comp-1 re-annotation	DOE Joint Genome Institute  (JGI)	3300069209	Gs0161344	Environmental	Terrestrial	Tropical forest	Soil	Unclassified	17.963818	-66.875667	2359653116	5515222
3300069299	*Microbiome	Permanent Draft	Terrestrial soil microbial communities from various NEON sites located in USA and Puerto Rico	Terrestrial soil microbial communities from Toolik Field Station, Alaska, USA - TOOL_003-O-20210805-comp-1 re-annotation	DOE Joint Genome Institute  (JGI)	3300069299	Gs0161344	Environmental	Terrestrial	Tundra	Soil	Unclassified	68.640255	-149.642461	1673591034	4090741
3300069230	*Microbiome	Permanent Draft	Terrestrial soil microbial communities from various NEON sites located in USA and Puerto Rico	Terrestrial soil microbial communities from Santa Rita Experimental Range, Tucson, Arizona, USA - SRER_047-M-20210809-comp-1 re-annotation	DOE Joint Genome Institute  (JGI)	3300069230	Gs0161344	Environmental	Terrestrial	Desert	Soil	Unclassified	31.910358	-110.838435	1303162278	3360024
3300069225	*Microbiome	Permanent Draft	Terrestrial soil microbial communities from various NEON sites located in USA and Puerto Rico	Terrestrial soil microbial communities from Konza Prairie Bio Station, Kansas, USA - KONZ_042-M-20210720-comp-1 re-annotation	DOE Joint Genome Institute  (JGI)	3300069225	Gs0161344	Environmental	Terrestrial	Grasslands	Soil	Unclassified	39.09957	-96.564404	1962666852	4374730
3300060744	*Microbiome	Permanent Draft	Terrestrial soil microbial communities from various NEON sites located in USA and Puerto Rico	Terrestrial soil microbial communities from Yellowstone NP, Wyoming, USA - YELL_016-M-20210708-comp-1	DOE Joint Genome Institute  (JGI)	3300060744	Gs0161344	Environmental	Terrestrial	Temperate forest	Soil	Unclassified	44.965771	-110.583711	1035151817	1787875
3300061625	*Microbiome	Permanent Draft	Terrestrial soil microbial communities from various NEON sites located in USA and Puerto Rico	Terrestrial soil microbial communities from Yellowstone NP, Wyoming, USA - YELL_051-M-20210705-comp-1	DOE Joint Genome Institute  (JGI)	3300061625	Gs0161344	Environmental	Terrestrial	Temperate forest	Soil	Unclassified	44.954277	-110.541571	1465893308	2677575
3300069256	*Microbiome	Permanent Draft	Terrestrial soil microbial communities from various NEON sites located in USA and Puerto Rico	Terrestrial soil microbial communities from Santa Rita Experimental Range, Tucson, Arizona, USA - SRER_053-M-20210810-comp-1 re-annotation	DOE Joint Genome Institute  (JGI)	3300069256	Gs0161344	Environmental	Terrestrial	Desert	Soil	Unclassified	31.909824	-110.835912	3970983079	9656943
3300069206	*Microbiome	Permanent Draft	Terrestrial soil microbial communities from various NEON sites located in USA and Puerto Rico	Terrestrial soil microbial communities from Santa Rita Experimental Range, Tucson, Arizona, USA - SRER_005-M-20210810-comp-1 re-annotation	DOE Joint Genome Institute  (JGI)	3300069206	Gs0161344	Environmental	Terrestrial	Desert	Soil	Unclassified	31.828844	-110.823985	3191572084	8321796
3300069296	*Microbiome	Permanent Draft	Terrestrial soil microbial communities from various NEON sites located in USA and Puerto Rico	Terrestrial soil microbial communities from Wind River Experimental Forest, Washington, USA - WREF_004-M-20210622-comp-1 re-annotation	DOE Joint Genome Institute  (JGI)	3300069296	Gs0161344	Environmental	Terrestrial	Temperate forest	Soil	Unclassified	45.822941	-121.998707	3074038485	7283581
3300069266	*Microbiome	Permanent Draft	Terrestrial soil microbial communities from various NEON sites located in USA and Puerto Rico	Terrestrial soil microbial communities from Wind River Experimental Forest, Washington, USA - WREF_001-O-20210621-comp-1 re-annotation	DOE Joint Genome Institute  (JGI)	3300069266	Gs0161344	Environmental	Terrestrial	Temperate forest	Soil	Unclassified	45.844033	-121.999068	4456122864	9398479
3300069240	*Microbiome	Permanent Draft	Terrestrial soil microbial communities from various NEON sites located in USA and Puerto Rico	Terrestrial soil microbial communities from Chase Lake Wetlands, North Dakota, USA - WOOD_042-M-20210712-comp-1 re-annotation	DOE Joint Genome Institute  (JGI)	3300069240	Gs0161344	Environmental	Terrestrial	Wetlands	Soil	Unclassified	47.129092	-99.245921	3978393242	9202758
3300069270	*Microbiome	Permanent Draft	Terrestrial soil microbial communities from various NEON sites located in USA and Puerto Rico	Terrestrial soil microbial communities from Santa Rita Experimental Range, Tucson, Arizona, USA - SRER_043-M-20210809-comp-1 re-annotation	DOE Joint Genome Institute  (JGI)	3300069270	Gs0161344	Environmental	Terrestrial	Desert	Soil	Unclassified	31.910099	-110.837175	2792952645	6561823
3300060732	*Microbiome	Permanent Draft	Terrestrial soil microbial communities from various NEON sites located in USA and Puerto Rico	Terrestrial soil microbial communities from Chase Lake Wetlands, North Dakota, USA - WOOD_003-M-20210708-comp-1	DOE Joint Genome Institute  (JGI)	3300060732	Gs0161344	Environmental	Terrestrial	Wetlands	Soil	Unclassified	47.118581	-99.239944	1297656637	2301112
3300072277	*Microbiome	Permanent Draft	Terrestrial soil microbial communities from various NEON sites located in USA and Puerto Rico	WREF plot 4 samples	DOE Joint Genome Institute  (JGI)	3300072277	Gs0161344	Environmental	Terrestrial	Temperate forest	Soil	Unclassified	n/a	n/a	2810549800	4897306
3300060671	*Microbiome	Permanent Draft	Terrestrial soil microbial communities from various NEON sites located in USA and Puerto Rico	Terrestrial soil microbial communities from Toolik Field Station, Alaska, USA - TOOL_003-O-20210805-comp-1	DOE Joint Genome Institute  (JGI)	3300060671	Gs0161344	Environmental	Terrestrial	Tundra	Soil	Unclassified	68.640255	-149.642461	918482234	1594003
3300060644	*Microbiome	Permanent Draft	Terrestrial soil microbial communities from various NEON sites located in USA and Puerto Rico	Terrestrial soil microbial communities from Caribou Creek Watershed, Alaska, USA - BONA_009-O-20210707-comp-1	DOE Joint Genome Institute  (JGI)	3300060644	Gs0161344	Environmental	Terrestrial	Boreal forest/Taiga	Soil	Unclassified	65.169192	-147.520277	1973796526	3208194
3300069220	*Microbiome	Permanent Draft	Terrestrial soil microbial communities from various NEON sites located in USA and Puerto Rico	Terrestrial soil microbial communities from Caribou Creek Watershed, Alaska, USA - BONA_006-O-20210707-comp-1 re-annotation	DOE Joint Genome Institute  (JGI)	3300069220	Gs0161344	Environmental	Terrestrial	Boreal forest/Taiga	Soil	Unclassified	65.176107	-147.544089	1181748823	2017508
3300069235	*Microbiome	Permanent Draft	Terrestrial soil microbial communities from various NEON sites located in USA and Puerto Rico	Terrestrial soil microbial communities from Caribou Creek Watershed, Alaska, USA - BONA_004-O-20210707-comp-1 re-annotation	DOE Joint Genome Institute  (JGI)	3300069235	Gs0161344	Environmental	Terrestrial	Boreal forest/Taiga	Soil	Unclassified	65.190675	-147.536694	3076162113	6116998
3300060914	*Microbiome	Permanent Draft	Terrestrial soil microbial communities from various NEON sites located in USA and Puerto Rico	Terrestrial soil microbial communities from Guanica State Forest and Biosphere Reserve, Puerto Rico - GUAN_043-M-20210921-comp-1	DOE Joint Genome Institute  (JGI)	3300060914	Gs0161344	Environmental	Terrestrial	Tropical forest	Soil	Unclassified	17.968869	-66.867682	1593796329	2617791
3300069291	*Microbiome	Permanent Draft	Terrestrial soil microbial communities from various NEON sites located in USA and Puerto Rico	Terrestrial soil microbial communities from Niwot Ridge, Colorado, USA - NIWO_003-M-20210727-comp-1 re-annotation	DOE Joint Genome Institute  (JGI)	3300069291	Gs0161344	Environmental	Terrestrial	Temperate forest	Soil	Unclassified	40.051247	-105.565041	2881592769	6449531
3300069261	*Microbiome	Permanent Draft	Terrestrial soil microbial communities from various NEON sites located in USA and Puerto Rico	Terrestrial soil microbial communities from Yellowstone NP, Wyoming, USA - YELL_051-M-20210705-comp-1 re-annotation	DOE Joint Genome Institute  (JGI)	3300069261	Gs0161344	Environmental	Terrestrial	Temperate forest	Soil	Unclassified	44.954277	-110.541571	2764498655	6957571
3300061204	*Microbiome	Permanent Draft	Terrestrial soil microbial communities from various NEON sites located in USA and Puerto Rico	Terrestrial soil microbial communities from Great Basin, Onaqui, Utah, USA - ONAQ_003-M-20210527-comp-1	DOE Joint Genome Institute  (JGI)	3300061204	Gs0161344	Environmental	Terrestrial	Shrubland	Soil	Unclassified	40.205921	-112.430276	972576048	1739921
3300069264	*Microbiome	Permanent Draft	Terrestrial soil microbial communities from various NEON sites located in USA and Puerto Rico	Terrestrial soil microbial communities from Niwot Ridge, Colorado, USA - NIWO_002-M-20210728-comp-1 re-annotation	DOE Joint Genome Institute  (JGI)	3300069264	Gs0161344	Environmental	Terrestrial	Temperate forest	Soil	Unclassified	40.041058	-105.547043	3359529678	7005309
3300069294	*Microbiome	Permanent Draft	Terrestrial soil microbial communities from various NEON sites located in USA and Puerto Rico	Terrestrial soil microbial communities from Wind River Experimental Forest, Washington, USA - WREF_004-O-20210622-comp-1 re-annotation	DOE Joint Genome Institute  (JGI)	3300069294	Gs0161344	Environmental	Terrestrial	Temperate forest	Soil	Unclassified	45.822941	-121.998707	1608202383	3813261
3300069204	*Microbiome	Permanent Draft	Terrestrial soil microbial communities from various NEON sites located in USA and Puerto Rico	Terrestrial soil microbial communities from Great Basin, Onaqui, Utah, USA - ONAQ_002-M-20210524-comp-1 re-annotation	DOE Joint Genome Institute  (JGI)	3300069204	Gs0161344	Environmental	Terrestrial	Shrubland	Soil	Unclassified	40.193323	-112.464547	4296729022	10256351
3300069237	*Microbiome	Permanent Draft	Terrestrial soil microbial communities from various NEON sites located in USA and Puerto Rico	Terrestrial soil microbial communities from Lower Teakettle, Sierra National Forest, California, USA - TEAK_043-M-20210719-comp-1 re-annotation	DOE Joint Genome Institute  (JGI)	3300069237	Gs0161344	Environmental	Terrestrial	Temperate forest	Soil	Unclassified	36.999698	-119.011037	2317594815	5558632
3300069254	*Microbiome	Permanent Draft	Terrestrial soil microbial communities from various NEON sites located in USA and Puerto Rico	Terrestrial soil microbial communities from Niwot Ridge, Colorado, USA - NIWO_004-O-20210726-comp-1 re-annotation	DOE Joint Genome Institute  (JGI)	3300069254	Gs0161344	Environmental	Terrestrial	Temperate forest	Soil	Unclassified	40.043059	-105.581501	3687842670	7788370
3300060746	*Microbiome	Permanent Draft	Terrestrial soil microbial communities from various NEON sites located in USA and Puerto Rico	Terrestrial soil microbial communities from Lower Teakettle, Sierra National Forest, California, USA - TEAK_003-M-20210726-comp-1	DOE Joint Genome Institute  (JGI)	3300060746	Gs0161344	Environmental	Terrestrial	Temperate forest	Soil	Unclassified	37.012962	-119.010619	1095983641	2023617
3300069281	*Microbiome	Permanent Draft	Terrestrial soil microbial communities from various NEON sites located in USA and Puerto Rico	Terrestrial soil microbial communities from Toolik Field Station, Alaska, USA - TOOL_006-O-20210804-comp-1 re-annotation	DOE Joint Genome Institute  (JGI)	3300069281	Gs0161344	Environmental	Terrestrial	Tundra	Soil	Unclassified	68.622127	-149.280182	4057418107	9034481
3300069284	*Microbiome	Permanent Draft	Terrestrial soil microbial communities from various NEON sites located in USA and Puerto Rico	Terrestrial soil microbial communities from Konza Prairie Bio Station, Kansas, USA - KONZ_043-M-20210721-comp-1 re-annotation	DOE Joint Genome Institute  (JGI)	3300069284	Gs0161344	Environmental	Terrestrial	Grasslands	Soil	Unclassified	39.102192	-96.56118	3807142992	8670674
3300060650	*Microbiome	Permanent Draft	Terrestrial soil microbial communities from various NEON sites located in USA and Puerto Rico	Terrestrial soil microbial communities from Healy, Denali National Park, Alaska, USA - HEAL_048-O-20210622-comp-1	DOE Joint Genome Institute  (JGI)	3300060650	Gs0161344	Environmental	Terrestrial	Boreal forest/Taiga	Soil	Unclassified	63.875088	-149.210438	1849185817	2957021
3300069210	*Microbiome	Permanent Draft	Terrestrial soil microbial communities from various NEON sites located in USA and Puerto Rico	Terrestrial soil microbial communities from National Grasslands LBJ, Texas, USA - CLBJ_002-M-20210506-comp-1 re-annotation	DOE Joint Genome Institute  (JGI)	3300069210	Gs0161344	Environmental	Terrestrial	Grasslands	Soil	Unclassified	33.40398	-97.57114	3399819512	8220842
3300060916	*Microbiome	Permanent Draft	Terrestrial soil microbial communities from various NEON sites located in USA and Puerto Rico	Terrestrial soil microbial communities from Konza Prairie Bio Station, Kansas, USA - KONZ_045-M-20210721-comp-1	DOE Joint Genome Institute  (JGI)	3300060916	Gs0161344	Environmental	Terrestrial	Grasslands	Soil	Unclassified	39.103827	-96.561811	3088759773	4930924
3300060646	*Microbiome	Permanent Draft	Terrestrial soil microbial communities from various NEON sites located in USA and Puerto Rico	Terrestrial soil microbial communities from Healy, Denali National Park, Alaska, USA - HEAL_048-M-20210622-comp-1	DOE Joint Genome Institute  (JGI)	3300060646	Gs0161344	Environmental	Terrestrial	Boreal forest/Taiga	Soil	Unclassified	63.875088	-149.210438	853472039	1501350
3300061538	*Microbiome	Permanent Draft	Terrestrial soil microbial communities from various NEON sites located in USA and Puerto Rico	Terrestrial soil microbial communities from National Grasslands LBJ, Texas, USA - CLBJ_002-M-20210506-comp-1	DOE Joint Genome Institute  (JGI)	3300061538	Gs0161344	Environmental	Terrestrial	Grasslands	Soil	Unclassified	33.40398	-97.57114	1934300057	3432497
3300060780	*Microbiome	Permanent Draft	Terrestrial soil microbial communities from various NEON sites located in USA and Puerto Rico	Terrestrial soil microbial communities from Wind River Experimental Forest, Washington, USA - WREF_003-M-20210622-comp-1	DOE Joint Genome Institute  (JGI)	3300060780	Gs0161344	Environmental	Terrestrial	Temperate forest	Soil	Unclassified	45.831516	-122.018608	2081512039	3450446
3300069297	*Microbiome	Permanent Draft	Terrestrial soil microbial communities from various NEON sites located in USA and Puerto Rico	Terrestrial soil microbial communities from Guanica State Forest and Biosphere Reserve, Puerto Rico - GUAN_042-M-20210920-comp-1 re-annotation	DOE Joint Genome Institute  (JGI)	3300069297	Gs0161344	Environmental	Terrestrial	Tropical forest	Soil	Unclassified	17.970725	-66.863969	2438980885	5845556
3300069213	*Microbiome	Permanent Draft	Terrestrial soil microbial communities from various NEON sites located in USA and Puerto Rico	Terrestrial soil microbial communities from Yellowstone NP, Wyoming, USA - YELL_003-M-20210708-comp-1 re-annotation	DOE Joint Genome Institute  (JGI)	3300069213	Gs0161344	Environmental	Terrestrial	Temperate forest	Soil	Unclassified	44.954777	-110.533202	2438396634	5878161
3300060645	*Microbiome	Permanent Draft	Terrestrial soil microbial communities from various NEON sites located in USA and Puerto Rico	Terrestrial soil microbial communities from Caribou Creek Watershed, Alaska, USA - BONA_006-O-20210707-comp-1	DOE Joint Genome Institute  (JGI)	3300060645	Gs0161344	Environmental	Terrestrial	Boreal forest/Taiga	Soil	Unclassified	65.176107	-147.544089	936516787	1247938
3300061638	*Microbiome	Permanent Draft	Terrestrial soil microbial communities from various NEON sites located in USA and Puerto Rico	Terrestrial soil microbial communities from Lower Teakettle, Sierra National Forest, California, USA - TEAK_004-O-20210726-comp-1	DOE Joint Genome Institute  (JGI)	3300061638	Gs0161344	Environmental	Terrestrial	Temperate forest	Soil	Unclassified	37.001687	-119.036304	2084465830	3473849
3300069257	*Microbiome	Permanent Draft	Terrestrial soil microbial communities from various NEON sites located in USA and Puerto Rico	Terrestrial soil microbial communities from Konza Prairie Bio Station, Kansas, USA - KONZ_024-M-20210719-comp-1 re-annotation	DOE Joint Genome Institute  (JGI)	3300069257	Gs0161344	Environmental	Terrestrial	Grasslands	Soil	Unclassified	39.110903	-96.552209	2695978544	5768908
3300060883	*Microbiome	Permanent Draft	Terrestrial soil microbial communities from various NEON sites located in USA and Puerto Rico	Terrestrial soil microbial communities from Lower Teakettle, Sierra National Forest, California, USA - TEAK_005-O-20210728-comp-1	DOE Joint Genome Institute  (JGI)	3300060883	Gs0161344	Environmental	Terrestrial	Temperate forest	Soil	Unclassified	37.058229	-118.988578	1557990773	2654815
3300061213	*Microbiome	Permanent Draft	Terrestrial soil microbial communities from various NEON sites located in USA and Puerto Rico	Terrestrial soil microbial communities from National Grasslands LBJ, Texas, USA - CLBJ_033-M-20210505-comp-1	DOE Joint Genome Institute  (JGI)	3300061213	Gs0161344	Environmental	Terrestrial	Grasslands	Soil	Unclassified	33.38097	-97.62021	3067363352	4810655
3300069231	*Microbiome	Permanent Draft	Terrestrial soil microbial communities from various NEON sites located in USA and Puerto Rico	Terrestrial soil microbial communities from Toolik Field Station, Alaska, USA - TOOL_004-O-20210805-comp-1 re-annotation	DOE Joint Genome Institute  (JGI)	3300069231	Gs0161344	Environmental	Terrestrial	Tundra	Soil	Unclassified	68.616768	-149.629355	3712371654	7327615
3300069207	*Microbiome	Permanent Draft	Terrestrial soil microbial communities from various NEON sites located in USA and Puerto Rico	Terrestrial soil microbial communities from Chase Lake Wetlands, North Dakota, USA - WOOD_004-M-20210714-comp-1 re-annotation	DOE Joint Genome Institute  (JGI)	3300069207	Gs0161344	Environmental	Terrestrial	Wetlands	Soil	Unclassified	47.12584	-99.253801	4721797112	9918436
3300069234	*Microbiome	Permanent Draft	Terrestrial soil microbial communities from various NEON sites located in USA and Puerto Rico	Terrestrial soil microbial communities from Yellowstone NP, Wyoming, USA - YELL_016-M-20210708-comp-1 re-annotation	DOE Joint Genome Institute  (JGI)	3300069234	Gs0161344	Environmental	Terrestrial	Temperate forest	Soil	Unclassified	44.965771	-110.583711	1697741488	3962632
3300060915	*Microbiome	Permanent Draft	Terrestrial soil microbial communities from various NEON sites located in USA and Puerto Rico	Terrestrial soil microbial communities from Konza Prairie Bio Station, Kansas, USA - KONZ_024-M-20210719-comp-1	DOE Joint Genome Institute  (JGI)	3300060915	Gs0161344	Environmental	Terrestrial	Grasslands	Soil	Unclassified	39.110903	-96.552209	1876405998	3123336
3300069287	*Microbiome	Permanent Draft	Terrestrial soil microbial communities from various NEON sites located in USA and Puerto Rico	Terrestrial soil microbial communities from National Grasslands LBJ, Texas, USA - CLBJ_003-M-20210506-comp-1 re-annotation	DOE Joint Genome Institute  (JGI)	3300069287	Gs0161344	Environmental	Terrestrial	Grasslands	Soil	Unclassified	33.40399	-97.57274	4657247937	10051955
3300060853	*Microbiome	Permanent Draft	Terrestrial soil microbial communities from various NEON sites located in USA and Puerto Rico	Terrestrial soil microbial communities from Chase Lake Wetlands, North Dakota, USA - WOOD_002-M-20210708-comp-1	DOE Joint Genome Institute  (JGI)	3300060853	Gs0161344	Environmental	Terrestrial	Wetlands	Soil	Unclassified	47.136134	-99.232896	1264686392	2142241
3300061179	*Microbiome	Permanent Draft	Terrestrial soil microbial communities from various NEON sites located in USA and Puerto Rico	Terrestrial soil microbial communities from Wind River Experimental Forest, Washington, USA - WREF_001-O-20210621-comp-1	DOE Joint Genome Institute  (JGI)	3300061179	Gs0161344	Environmental	Terrestrial	Temperate forest	Soil	Unclassified	45.844033	-121.999068	3068129637	4918035
3300060669	*Microbiome	Permanent Draft	Terrestrial soil microbial communities from various NEON sites located in USA and Puerto Rico	Terrestrial soil microbial communities from Toolik Field Station, Alaska, USA - TOOL_042-O-20210803-comp-1	DOE Joint Genome Institute  (JGI)	3300060669	Gs0161344	Environmental	Terrestrial	Tundra	Soil	Unclassified	68.664072	-149.381292	1516560478	2557888
3300060889	*Microbiome	Permanent Draft	Terrestrial soil microbial communities from various NEON sites located in USA and Puerto Rico	Terrestrial soil microbial communities from Wind River Experimental Forest, Washington, USA - WREF_004-O-20210622-comp-1	DOE Joint Genome Institute  (JGI)	3300060889	Gs0161344	Environmental	Terrestrial	Temperate forest	Soil	Unclassified	45.822941	-121.998707	917531332	1560190
3300069242	*Microbiome	Permanent Draft	Terrestrial soil microbial communities from various NEON sites located in USA and Puerto Rico	Terrestrial soil microbial communities from Yellowstone NP, Wyoming, USA - YELL_009-M-20210706-comp-1 re-annotation	DOE Joint Genome Institute  (JGI)	3300069242	Gs0161344	Environmental	Terrestrial	Temperate forest	Soil	Unclassified	44.970313	-110.501884	1986905664	4778529
3300061641	*Microbiome	Permanent Draft	Terrestrial soil microbial communities from various NEON sites located in USA and Puerto Rico	Terrestrial soil microbial communities from Chase Lake Wetlands, North Dakota, USA - WOOD_024-O-20210714-comp-1	DOE Joint Genome Institute  (JGI)	3300061641	Gs0161344	Environmental	Terrestrial	Wetlands	Soil	Unclassified	47.151171	-99.262648	2795863631	4473485
3300069272	*Microbiome	Permanent Draft	Terrestrial soil microbial communities from various NEON sites located in USA and Puerto Rico	Terrestrial soil microbial communities from Caribou Creek Watershed, Alaska, USA - BONA_009-O-20210707-comp-1 re-annotation	DOE Joint Genome Institute  (JGI)	3300069272	Gs0161344	Environmental	Terrestrial	Boreal forest/Taiga	Soil	Unclassified	65.169192	-147.520277	2951636096	6372091
3300060730	*Microbiome	Permanent Draft	Terrestrial soil microbial communities from various NEON sites located in USA and Puerto Rico	Terrestrial soil microbial communities from Lower Teakettle, Sierra National Forest, California, USA - TEAK_043-M-20210719-comp-1	DOE Joint Genome Institute  (JGI)	3300060730	Gs0161344	Environmental	Terrestrial	Temperate forest	Soil	Unclassified	36.999698	-119.011037	1346573611	2404841
3300061644	*Microbiome	Permanent Draft	Terrestrial soil microbial communities from various NEON sites located in USA and Puerto Rico	Terrestrial soil microbial communities from Wind River Experimental Forest, Washington, USA - WREF_003-O-20210622-comp-1	DOE Joint Genome Institute  (JGI)	3300061644	Gs0161344	Environmental	Terrestrial	Temperate forest	Soil	Unclassified	45.831516	-122.018608	2765904913	4327173
3300069219	*Microbiome	Permanent Draft	Terrestrial soil microbial communities from various NEON sites located in USA and Puerto Rico	Terrestrial soil microbial communities from Chase Lake Wetlands, North Dakota, USA - WOOD_003-M-20210708-comp-1 re-annotation	DOE Joint Genome Institute  (JGI)	3300069219	Gs0161344	Environmental	Terrestrial	Wetlands	Soil	Unclassified	47.118581	-99.239944	2284585919	5547138
3300060709	*Microbiome	Permanent Draft	Terrestrial soil microbial communities from various NEON sites located in USA and Puerto Rico	Terrestrial soil microbial communities from Santa Rita Experimental Range, Tucson, Arizona, USA - SRER_006-M-20210809-comp-1	DOE Joint Genome Institute  (JGI)	3300060709	Gs0161344	Environmental	Terrestrial	Desert	Soil	Unclassified	31.795656	-110.910239	1197382962	2123081
3300069248	*Microbiome	Permanent Draft	Terrestrial soil microbial communities from various NEON sites located in USA and Puerto Rico	Terrestrial soil microbial communities from Konza Prairie Bio Station, Kansas, USA - KONZ_046-M-20210720-comp-1 re-annotation	DOE Joint Genome Institute  (JGI)	3300069248	Gs0161344	Environmental	Terrestrial	Grasslands	Soil	Unclassified	39.103068	-96.563925	2555158047	5757288
3300069278	*Microbiome	Permanent Draft	Terrestrial soil microbial communities from various NEON sites located in USA and Puerto Rico	Terrestrial soil microbial communities from Toolik Field Station, Alaska, USA - TOOL_042-O-20210803-comp-1 re-annotation	DOE Joint Genome Institute  (JGI)	3300069278	Gs0161344	Environmental	Terrestrial	Tundra	Soil	Unclassified	68.664072	-149.381292	2672095979	6305045
3300069228	*Microbiome	Permanent Draft	Terrestrial soil microbial communities from various NEON sites located in USA and Puerto Rico	Terrestrial soil microbial communities from Toolik Field Station, Alaska, USA - TOOL_043-O-20210803-comp-1 re-annotation	DOE Joint Genome Institute  (JGI)	3300069228	Gs0161344	Environmental	Terrestrial	Tundra	Soil	Unclassified	68.665514	-149.375519	3471645120	7803917
3300060663	*Microbiome	Permanent Draft	Terrestrial soil microbial communities from various NEON sites located in USA and Puerto Rico	Terrestrial soil microbial communities from Konza Prairie Bio Station, Kansas, USA - KONZ_046-M-20210720-comp-1	DOE Joint Genome Institute  (JGI)	3300060663	Gs0161344	Environmental	Terrestrial	Grasslands	Soil	Unclassified	39.103068	-96.563925	1657246962	2839673
3300072276	*Microbiome	Permanent Draft	Terrestrial soil microbial communities from various NEON sites located in USA and Puerto Rico	WREF plot 3 samples	DOE Joint Genome Institute  (JGI)	3300072276	Gs0161344	Environmental	Terrestrial	Temperate forest	Soil	Unclassified	n/a	n/a	5028073026	8117656
3300061624	*Microbiome	Permanent Draft	Terrestrial soil microbial communities from various NEON sites located in USA and Puerto Rico	Terrestrial soil microbial communities from Caribou Creek Watershed, Alaska, USA - BONA_004-O-20210707-comp-1	DOE Joint Genome Institute  (JGI)	3300061624	Gs0161344	Environmental	Terrestrial	Boreal forest/Taiga	Soil	Unclassified	65.190675	-147.536694	2238564630	3413661
3300067032	*Microbiome	Permanent Draft	Terrestrial soil microbial communities from various NEON sites located in USA and Puerto Rico	NEON combined assembly	DOE Joint Genome Institute  (JGI)	3300067032	Gs0161344	Environmental	Terrestrial	Shrubland	Soil	Unclassified	n/a	n/a	182982858934	343945133
3300060745	*Microbiome	Permanent Draft	Terrestrial soil microbial communities from various NEON sites located in USA and Puerto Rico	Terrestrial soil microbial communities from Toolik Field Station, Alaska, USA - TOOL_002-O-20210804-comp-1	DOE Joint Genome Institute  (JGI)	3300060745	Gs0161344	Environmental	Terrestrial	Tundra	Soil	Unclassified	68.627943	-149.347229	1446901187	2415328
3300069222	*Microbiome	Permanent Draft	Terrestrial soil microbial communities from various NEON sites located in USA and Puerto Rico	Terrestrial soil microbial communities from Santa Rita Experimental Range, Tucson, Arizona, USA - SRER_006-M-20210809-comp-1 re-annotation	DOE Joint Genome Institute  (JGI)	3300069222	Gs0161344	Environmental	Terrestrial	Desert	Soil	Unclassified	31.795656	-110.910239	2012792806	4783572
3300060653	*Microbiome	Permanent Draft	Terrestrial soil microbial communities from various NEON sites located in USA and Puerto Rico	Terrestrial soil microbial communities from Niwot Ridge, Colorado, USA - NIWO_004-M-20210726-comp-1	DOE Joint Genome Institute  (JGI)	3300060653	Gs0161344	Environmental	Terrestrial	Temperate forest	Soil	Unclassified	40.043059	-105.581501	2543810068	4250979
3300069243	*Microbiome	Permanent Draft	Terrestrial soil microbial communities from various NEON sites located in USA and Puerto Rico	Terrestrial soil microbial communities from National Grasslands LBJ, Texas, USA - CLBJ_040-M-20210503-comp-1 re-annotation	DOE Joint Genome Institute  (JGI)	3300069243	Gs0161344	Environmental	Terrestrial	Grasslands	Soil	Unclassified	33.37882	-97.64669	2183496814	4978898
3300069273	*Microbiome	Permanent Draft	Terrestrial soil microbial communities from various NEON sites located in USA and Puerto Rico	Terrestrial soil microbial communities from Yellowstone NP, Wyoming, USA - YELL_048-M-20210707-comp-1 re-annotation	DOE Joint Genome Institute  (JGI)	3300069273	Gs0161344	Environmental	Terrestrial	Temperate forest	Soil	Unclassified	44.951273	-110.536649	1445675622	3657230
3300061639	*Microbiome	Permanent Draft	Terrestrial soil microbial communities from various NEON sites located in USA and Puerto Rico	Terrestrial soil microbial communities from Niwot Ridge, Colorado, USA - NIWO_004-O-20210726-comp-1	DOE Joint Genome Institute  (JGI)	3300061639	Gs0161344	Environmental	Terrestrial	Temperate forest	Soil	Unclassified	40.043059	-105.581501	2493734710	3985886
3300060747	*Microbiome	Permanent Draft	Terrestrial soil microbial communities from various NEON sites located in USA and Puerto Rico	Terrestrial soil microbial communities from Chase Lake Wetlands, North Dakota, USA - WOOD_005-M-20210708-comp-1	DOE Joint Genome Institute  (JGI)	3300060747	Gs0161344	Environmental	Terrestrial	Wetlands	Soil	Unclassified	47.149339	-99.251928	1834279261	3312166
3300061178	*Microbiome	Permanent Draft	Terrestrial soil microbial communities from various NEON sites located in USA and Puerto Rico	Terrestrial soil microbial communities from Santa Rita Experimental Range, Tucson, Arizona, USA - SRER_052-M-20210810-comp-1	DOE Joint Genome Institute  (JGI)	3300061178	Gs0161344	Environmental	Terrestrial	Desert	Soil	Unclassified	31.909531	-110.833359	2196757439	3845659
3300060662	*Microbiome	Permanent Draft	Terrestrial soil microbial communities from various NEON sites located in USA and Puerto Rico	Terrestrial soil microbial communities from Yellowstone NP, Wyoming, USA - YELL_005-M-20210708-comp-1	DOE Joint Genome Institute  (JGI)	3300060662	Gs0161344	Environmental	Terrestrial	Temperate forest	Soil	Unclassified	44.948383	-110.631377	773391452	1440274
3300060658	*Microbiome	Permanent Draft	Terrestrial soil microbial communities from various NEON sites located in USA and Puerto Rico	Terrestrial soil microbial communities from Santa Rita Experimental Range, Tucson, Arizona, USA - SRER_004-M-20210809-comp-1	DOE Joint Genome Institute  (JGI)	3300060658	Gs0161344	Environmental	Terrestrial	Desert	Soil	Unclassified	31.906778	-110.815262	507633143	896281
3300060652	*Microbiome	Permanent Draft	Terrestrial soil microbial communities from various NEON sites located in USA and Puerto Rico	Terrestrial soil microbial communities from Niwot Ridge, Colorado, USA - NIWO_005-M-20210726-comp-1	DOE Joint Genome Institute  (JGI)	3300060652	Gs0161344	Environmental	Terrestrial	Temperate forest	Soil	Unclassified	40.043663	-105.569904	1624183217	2828150
3300060668	*Microbiome	Permanent Draft	Terrestrial soil microbial communities from various NEON sites located in USA and Puerto Rico	Terrestrial soil microbial communities from Toolik Field Station, Alaska, USA - TOOL_043-O-20210803-comp-1	DOE Joint Genome Institute  (JGI)	3300060668	Gs0161344	Environmental	Terrestrial	Tundra	Soil	Unclassified	68.665514	-149.375519	2181436083	3645334
3300061626	*Microbiome	Permanent Draft	Terrestrial soil microbial communities from various NEON sites located in USA and Puerto Rico	Terrestrial soil microbial communities from Yellowstone NP, Wyoming, USA - YELL_048-M-20210707-comp-1	DOE Joint Genome Institute  (JGI)	3300061626	Gs0161344	Environmental	Terrestrial	Temperate forest	Soil	Unclassified	44.951273	-110.536649	747543128	1371663
3300060888	*Microbiome	Permanent Draft	Terrestrial soil microbial communities from various NEON sites located in USA and Puerto Rico	Terrestrial soil microbial communities from Guanica State Forest and Biosphere Reserve, Puerto Rico - GUAN_003-M-20210922-comp-1	DOE Joint Genome Institute  (JGI)	3300060888	Gs0161344	Environmental	Terrestrial	Tropical forest	Soil	Unclassified	17.973138	-66.861701	1381531317	2424707
3300069212	*Microbiome	Permanent Draft	Terrestrial soil microbial communities from various NEON sites located in USA and Puerto Rico	Terrestrial soil microbial communities from Lower Teakettle, Sierra National Forest, California, USA - TEAK_004-O-20210726-comp-1 re-annotation	DOE Joint Genome Institute  (JGI)	3300069212	Gs0161344	Environmental	Terrestrial	Temperate forest	Soil	Unclassified	37.001687	-119.036304	3202425631	7051568
3300069249	*Microbiome	Permanent Draft	Terrestrial soil microbial communities from various NEON sites located in USA and Puerto Rico	Terrestrial soil microbial communities from National Grasslands LBJ, Texas, USA - CLBJ_001-M-20210506-comp-1 re-annotation	DOE Joint Genome Institute  (JGI)	3300069249	Gs0161344	Environmental	Terrestrial	Grasslands	Soil	Unclassified	33.39799	-97.56834	3434043103	8727174
3300061212	*Microbiome	Permanent Draft	Terrestrial soil microbial communities from various NEON sites located in USA and Puerto Rico	Terrestrial soil microbial communities from National Grasslands LBJ, Texas, USA - CLBJ_038-M-20210504-comp-1	DOE Joint Genome Institute  (JGI)	3300061212	Gs0161344	Environmental	Terrestrial	Grasslands	Soil	Unclassified	33.41426	-97.5971	1294620558	2361851
3300069279	*Microbiome	Permanent Draft	Terrestrial soil microbial communities from various NEON sites located in USA and Puerto Rico	Terrestrial soil microbial communities from Lower Teakettle, Sierra National Forest, California, USA - TEAK_004-M-20210726-comp-1 re-annotation	DOE Joint Genome Institute  (JGI)	3300069279	Gs0161344	Environmental	Terrestrial	Temperate forest	Soil	Unclassified	37.001687	-119.036304	2624142173	6534698
3300069218	*Microbiome	Permanent Draft	Terrestrial soil microbial communities from various NEON sites located in USA and Puerto Rico	Terrestrial soil microbial communities from Lower Teakettle, Sierra National Forest, California, USA - TEAK_002-O-20210720-comp-1 re-annotation	DOE Joint Genome Institute  (JGI)	3300069218	Gs0161344	Environmental	Terrestrial	Temperate forest	Soil	Unclassified	36.978454	-119.035693	1579799549	3644265
3300060647	*Microbiome	Permanent Draft	Terrestrial soil microbial communities from various NEON sites located in USA and Puerto Rico	Terrestrial soil microbial communities from Yellowstone NP, Wyoming, USA - YELL_009-M-20210706-comp-1	DOE Joint Genome Institute  (JGI)	3300060647	Gs0161344	Environmental	Terrestrial	Temperate forest	Soil	Unclassified	44.970313	-110.501884	1136012974	1986999
3300061205	*Microbiome	Permanent Draft	Terrestrial soil microbial communities from various NEON sites located in USA and Puerto Rico	Terrestrial soil microbial communities from National Grasslands LBJ, Texas, USA - CLBJ_040-M-20210503-comp-1	DOE Joint Genome Institute  (JGI)	3300061205	Gs0161344	Environmental	Terrestrial	Grasslands	Soil	Unclassified	33.37882	-97.64669	1372843960	2336682
3300069265	*Microbiome	Permanent Draft	Terrestrial soil microbial communities from various NEON sites located in USA and Puerto Rico	Terrestrial soil microbial communities from Chase Lake Wetlands, North Dakota, USA - WOOD_024-O-20210714-comp-1 re-annotation	DOE Joint Genome Institute  (JGI)	3300069265	Gs0161344	Environmental	Terrestrial	Wetlands	Soil	Unclassified	47.151171	-99.262648	4031167003	8439083
3300069295	*Microbiome	Permanent Draft	Terrestrial soil microbial communities from various NEON sites located in USA and Puerto Rico	Terrestrial soil microbial communities from Lower Teakettle, Sierra National Forest, California, USA - TEAK_005-O-20210728-comp-1 re-annotation	DOE Joint Genome Institute  (JGI)	3300069295	Gs0161344	Environmental	Terrestrial	Temperate forest	Soil	Unclassified	37.058229	-118.988578	2738486753	6498655
3300069300	*Microbiome	Permanent Draft	Terrestrial soil microbial communities from various NEON sites located in USA and Puerto Rico	Terrestrial soil microbial communities from Niwot Ridge, Colorado, USA - NIWO_004-M-20210726-comp-1 re-annotation	DOE Joint Genome Institute  (JGI)	3300069300	Gs0161344	Environmental	Terrestrial	Temperate forest	Soil	Unclassified	40.043059	-105.581501	3907499497	8702104
3300069229	*Microbiome	Permanent Draft	Terrestrial soil microbial communities from various NEON sites located in USA and Puerto Rico	Terrestrial soil microbial communities from Healy, Denali National Park, Alaska, USA - HEAL_048-M-20210622-comp-1 re-annotation	DOE Joint Genome Institute  (JGI)	3300069229	Gs0161344	Environmental	Terrestrial	Boreal forest/Taiga	Soil	Unclassified	63.875088	-149.210438	1499261653	3631812
3300060898	*Microbiome	Permanent Draft	Terrestrial soil microbial communities from various NEON sites located in USA and Puerto Rico	Terrestrial soil microbial communities from Guanica State Forest and Biosphere Reserve, Puerto Rico - GUAN_048-M-20210920-comp-1	DOE Joint Genome Institute  (JGI)	3300060898	Gs0161344	Environmental	Terrestrial	Tropical forest	Soil	Unclassified	17.96911	-66.864276	2373798091	4143520
3300069255	*Microbiome	Permanent Draft	Terrestrial soil microbial communities from various NEON sites located in USA and Puerto Rico	Terrestrial soil microbial communities from Wind River Experimental Forest, Washington, USA - WREF_003-M-20210622-comp-1 re-annotation	DOE Joint Genome Institute  (JGI)	3300069255	Gs0161344	Environmental	Terrestrial	Temperate forest	Soil	Unclassified	45.831516	-122.018608	3072198400	6638642
3300060917	*Microbiome	Permanent Draft	Terrestrial soil microbial communities from various NEON sites located in USA and Puerto Rico	Terrestrial soil microbial communities from Lower Teakettle, Sierra National Forest, California, USA - TEAK_004-M-20210726-comp-1	DOE Joint Genome Institute  (JGI)	3300060917	Gs0161344	Environmental	Terrestrial	Temperate forest	Soil	Unclassified	37.001687	-119.036304	1378022830	2437299
3300069205	*Microbiome	Permanent Draft	Terrestrial soil microbial communities from various NEON sites located in USA and Puerto Rico	Terrestrial soil microbial communities from Niwot Ridge, Colorado, USA - NIWO_005-M-20210726-comp-1 re-annotation	DOE Joint Genome Institute  (JGI)	3300069205	Gs0161344	Environmental	Terrestrial	Temperate forest	Soil	Unclassified	40.043663	-105.569904	2847161623	6839571
3300060854	*Microbiome	Permanent Draft	Terrestrial soil microbial communities from various NEON sites located in USA and Puerto Rico	Terrestrial soil microbial communities from Guanica State Forest and Biosphere Reserve, Puerto Rico - GUAN_007-M-20210922-comp-1	DOE Joint Genome Institute  (JGI)	3300060854	Gs0161344	Environmental	Terrestrial	Tropical forest	Soil	Unclassified	17.972832	-66.857711	1461123232	2562734
3300069246	*Microbiome	Permanent Draft	Terrestrial soil microbial communities from various NEON sites located in USA and Puerto Rico	Terrestrial soil microbial communities from Chase Lake Wetlands, North Dakota, USA - WOOD_024-M-20210714-comp-1 re-annotation	DOE Joint Genome Institute  (JGI)	3300069246	Gs0161344	Environmental	Terrestrial	Wetlands	Soil	Unclassified	47.151171	-99.262648	1273225867	3259285
3300069276	*Microbiome	Permanent Draft	Terrestrial soil microbial communities from various NEON sites located in USA and Puerto Rico	Terrestrial soil microbial communities from Toolik Field Station, Alaska, USA - TOOL_005-O-20210806-comp-1 re-annotation	DOE Joint Genome Institute  (JGI)	3300069276	Gs0161344	Environmental	Terrestrial	Tundra	Soil	Unclassified	68.560148	-149.528532	2791483050	6003735
3300060894	*Microbiome	Permanent Draft	Terrestrial soil microbial communities from various NEON sites located in USA and Puerto Rico	Terrestrial soil microbial communities from Konza Prairie Bio Station, Kansas, USA - KONZ_043-M-20210721-comp-1	DOE Joint Genome Institute  (JGI)	3300060894	Gs0161344	Environmental	Terrestrial	Grasslands	Soil	Unclassified	39.102192	-96.56118	2439531634	4236970
3300072278	*Microbiome	Permanent Draft	Terrestrial soil microbial communities from various NEON sites located in USA and Puerto Rico	WREF plot 73 samples	DOE Joint Genome Institute  (JGI)	3300072278	Gs0161344	Environmental	Terrestrial	Temperate forest	Soil	Unclassified	n/a	n/a	3049456214	5398038
3300069226	*Microbiome	Permanent Draft	Terrestrial soil microbial communities from various NEON sites located in USA and Puerto Rico	Terrestrial soil microbial communities from National Grasslands LBJ, Texas, USA - CLBJ_033-M-20210505-comp-1 re-annotation	DOE Joint Genome Institute  (JGI)	3300069226	Gs0161344	Environmental	Terrestrial	Grasslands	Soil	Unclassified	33.38097	-97.62021	4258032170	8695554
3300069211	*Microbiome	Permanent Draft	Terrestrial soil microbial communities from various NEON sites located in USA and Puerto Rico	Terrestrial soil microbial communities from Great Basin, Onaqui, Utah, USA - ONAQ_003-M-20210527-comp-1 re-annotation	DOE Joint Genome Institute  (JGI)	3300069211	Gs0161344	Environmental	Terrestrial	Shrubland	Soil	Unclassified	40.205921	-112.430276	1663864892	3996552
3300069214	*Microbiome	Permanent Draft	Terrestrial soil microbial communities from various NEON sites located in USA and Puerto Rico	Terrestrial soil microbial communities from National Grasslands LBJ, Texas, USA - CLBJ_032-M-20210504-comp-1 re-annotation	DOE Joint Genome Institute  (JGI)	3300069214	Gs0161344	Environmental	Terrestrial	Grasslands	Soil	Unclassified	33.40613	-97.594	4663730870	9827040
3300061211	*Microbiome	Permanent Draft	Terrestrial soil microbial communities from various NEON sites located in USA and Puerto Rico	Terrestrial soil microbial communities from Great Basin, Onaqui, Utah, USA - ONAQ_004-M-20210525-comp-1	DOE Joint Genome Institute  (JGI)	3300061211	Gs0161344	Environmental	Terrestrial	Shrubland	Soil	Unclassified	40.185938	-112.47248	1245617870	2024451
3300069233	*Microbiome	Permanent Draft	Terrestrial soil microbial communities from various NEON sites located in USA and Puerto Rico	Terrestrial soil microbial communities from Chase Lake Wetlands, North Dakota, USA - WOOD_002-M-20210708-comp-1 re-annotation	DOE Joint Genome Institute  (JGI)	3300069233	Gs0161344	Environmental	Terrestrial	Wetlands	Soil	Unclassified	47.136134	-99.232896	1966886417	4438217
3300060884	*Microbiome	Permanent Draft	Terrestrial soil microbial communities from various NEON sites located in USA and Puerto Rico	Terrestrial soil microbial communities from Chase Lake Wetlands, North Dakota, USA - WOOD_042-M-20210712-comp-1	DOE Joint Genome Institute  (JGI)	3300060884	Gs0161344	Environmental	Terrestrial	Wetlands	Soil	Unclassified	47.129092	-99.245921	2457554932	4227364
3300061535	*Microbiome	Permanent Draft	Terrestrial soil microbial communities from various NEON sites located in USA and Puerto Rico	Terrestrial soil microbial communities from Great Basin, Onaqui, Utah, USA - ONAQ_002-M-20210524-comp-1	DOE Joint Genome Institute  (JGI)	3300061535	Gs0161344	Environmental	Terrestrial	Shrubland	Soil	Unclassified	40.193323	-112.464547	2521031527	4443185
3300060664	*Microbiome	Permanent Draft	Terrestrial soil microbial communities from various NEON sites located in USA and Puerto Rico	Terrestrial soil microbial communities from Konza Prairie Bio Station, Kansas, USA - KONZ_042-M-20210720-comp-1	DOE Joint Genome Institute  (JGI)	3300060664	Gs0161344	Environmental	Terrestrial	Grasslands	Soil	Unclassified	39.09957	-96.564404	1309762281	2245540
3300069280	*Microbiome	Permanent Draft	Terrestrial soil microbial communities from various NEON sites located in USA and Puerto Rico	Terrestrial soil microbial communities from Wind River Experimental Forest, Washington, USA - WREF_073-O-20210623-comp-1 re-annotation	DOE Joint Genome Institute  (JGI)	3300069280	Gs0161344	Environmental	Terrestrial	Temperate forest	Soil	Unclassified	45.825842	-121.960125	2273146346	5531676
3300060654	*Microbiome	Permanent Draft	Terrestrial soil microbial communities from various NEON sites located in USA and Puerto Rico	Terrestrial soil microbial communities from Niwot Ridge, Colorado, USA - NIWO_002-M-20210728-comp-1	DOE Joint Genome Institute  (JGI)	3300060654	Gs0161344	Environmental	Terrestrial	Temperate forest	Soil	Unclassified	40.041058	-105.547043	2385927688	3841105
3300060651	*Microbiome	Permanent Draft	Terrestrial soil microbial communities from various NEON sites located in USA and Puerto Rico	Terrestrial soil microbial communities from Lower Teakettle, Sierra National Forest, California, USA - TEAK_025-M-20210726-comp-1	DOE Joint Genome Institute  (JGI)	3300060651	Gs0161344	Environmental	Terrestrial	Temperate forest	Soil	Unclassified	36.989997	-119.024514	476651090	872189
3300061643	*Microbiome	Permanent Draft	Terrestrial soil microbial communities from various NEON sites located in USA and Puerto Rico	Terrestrial soil microbial communities from Guanica State Forest and Biosphere Reserve, Puerto Rico - GUAN_004-M-20210922-comp-1	DOE Joint Genome Institute  (JGI)	3300061643	Gs0161344	Environmental	Terrestrial	Tropical forest	Soil	Unclassified	17.969254	-66.85267	1906545925	3368003
3300069239	*Microbiome	Permanent Draft	Terrestrial soil microbial communities from various NEON sites located in USA and Puerto Rico	Terrestrial soil microbial communities from Great Basin, Onaqui, Utah, USA - ONAQ_004-M-20210525-comp-1 re-annotation	DOE Joint Genome Institute  (JGI)	3300069239	Gs0161344	Environmental	Terrestrial	Shrubland	Soil	Unclassified	40.185938	-112.47248	1824368543	3917662
3300069290	*Microbiome	Permanent Draft	Terrestrial soil microbial communities from various NEON sites located in USA and Puerto Rico	Terrestrial soil microbial communities from Guanica State Forest and Biosphere Reserve, Puerto Rico - GUAN_004-M-20210922-comp-1 re-annotation	DOE Joint Genome Institute  (JGI)	3300069290	Gs0161344	Environmental	Terrestrial	Tropical forest	Soil	Unclassified	17.969254	-66.85267	3185668276	7530950
3300069260	*Microbiome	Permanent Draft	Terrestrial soil microbial communities from various NEON sites located in USA and Puerto Rico	Terrestrial soil microbial communities from Lower Teakettle, Sierra National Forest, California, USA - TEAK_025-M-20210726-comp-1 re-annotation	DOE Joint Genome Institute  (JGI)	3300069260	Gs0161344	Environmental	Terrestrial	Temperate forest	Soil	Unclassified	36.989997	-119.024514	963915728	2475332
3300069250	*Microbiome	Permanent Draft	Terrestrial soil microbial communities from various NEON sites located in USA and Puerto Rico	Terrestrial soil microbial communities from Great Basin, Onaqui, Utah, USA - ONAQ_005-M-20210527-comp-1 re-annotation	DOE Joint Genome Institute  (JGI)	3300069250	Gs0161344	Environmental	Terrestrial	Shrubland	Soil	Unclassified	40.180775	-112.431854	1325614622	3319821
3300060886	*Microbiome	Permanent Draft	Terrestrial soil microbial communities from various NEON sites located in USA and Puerto Rico	Terrestrial soil microbial communities from Santa Rita Experimental Range, Tucson, Arizona, USA - SRER_005-M-20210810-comp-1	DOE Joint Genome Institute  (JGI)	3300060886	Gs0161344	Environmental	Terrestrial	Desert	Soil	Unclassified	31.828844	-110.823985	1507485050	2775417
3300061216	*Microbiome	Permanent Draft	Terrestrial soil microbial communities from various NEON sites located in USA and Puerto Rico	Terrestrial soil microbial communities from National Grasslands LBJ, Texas, USA - CLBJ_006-M-20210506-comp-1	DOE Joint Genome Institute  (JGI)	3300061216	Gs0161344	Environmental	Terrestrial	Grasslands	Soil	Unclassified	33.39823	-97.56673	2143172963	3667312
3300060670	*Microbiome	Permanent Draft	Terrestrial soil microbial communities from various NEON sites located in USA and Puerto Rico	Terrestrial soil microbial communities from Toolik Field Station, Alaska, USA - TOOL_041-O-20210803-comp-1	DOE Joint Genome Institute  (JGI)	3300060670	Gs0161344	Environmental	Terrestrial	Tundra	Soil	Unclassified	68.666666	-149.369752	2206642902	3589799
3300061224	*Microbiome	Permanent Draft	Terrestrial soil microbial communities from various NEON sites located in USA and Puerto Rico	Terrestrial soil microbial communities from Santa Rita Experimental Range, Tucson, Arizona, USA - SRER_053-M-20210810-comp-1	DOE Joint Genome Institute  (JGI)	3300061224	Gs0161344	Environmental	Terrestrial	Desert	Soil	Unclassified	31.909824	-110.835912	2244598773	4019754
3300069221	*Microbiome	Permanent Draft	Terrestrial soil microbial communities from various NEON sites located in USA and Puerto Rico	Terrestrial soil microbial communities from Wind River Experimental Forest, Washington, USA - WREF_073-M-20210623-comp-1 re-annotation	DOE Joint Genome Institute  (JGI)	3300069221	Gs0161344	Environmental	Terrestrial	Temperate forest	Soil	Unclassified	45.825842	-121.960125	2870846305	7170804
3300069216	*Microbiome	Permanent Draft	Terrestrial soil microbial communities from various NEON sites located in USA and Puerto Rico	Terrestrial soil microbial communities from Guanica State Forest and Biosphere Reserve, Puerto Rico - GUAN_048-M-20210920-comp-1 re-annotation	DOE Joint Genome Institute  (JGI)	3300069216	Gs0161344	Environmental	Terrestrial	Tropical forest	Soil	Unclassified	17.96911	-66.864276	4042626602	9611530
3300069224	*Microbiome	Permanent Draft	Terrestrial soil microbial communities from various NEON sites located in USA and Puerto Rico	Terrestrial soil microbial communities from Santa Rita Experimental Range, Tucson, Arizona, USA - SRER_052-M-20210810-comp-1 re-annotation	DOE Joint Genome Institute  (JGI)	3300069224	Gs0161344	Environmental	Terrestrial	Desert	Soil	Unclassified	31.909531	-110.833359	3658773488	8595979
3300061537	*Microbiome	Permanent Draft	Terrestrial soil microbial communities from various NEON sites located in USA and Puerto Rico	Terrestrial soil microbial communities from National Grasslands LBJ, Texas, USA - CLBJ_003-M-20210506-comp-1	DOE Joint Genome Institute  (JGI)	3300061537	Gs0161344	Environmental	Terrestrial	Grasslands	Soil	Unclassified	33.40399	-97.57274	3130961773	5094398
3300069244	*Microbiome	Permanent Draft	Terrestrial soil microbial communities from various NEON sites located in USA and Puerto Rico	Terrestrial soil microbial communities from Lower Teakettle, Sierra National Forest, California, USA - TEAK_003-M-20210726-comp-1 re-annotation	DOE Joint Genome Institute  (JGI)	3300069244	Gs0161344	Environmental	Terrestrial	Temperate forest	Soil	Unclassified	37.012962	-119.010619	2436610014	6468537
3300069274	*Microbiome	Permanent Draft	Terrestrial soil microbial communities from various NEON sites located in USA and Puerto Rico	Terrestrial soil microbial communities from Guanica State Forest and Biosphere Reserve, Puerto Rico - GUAN_007-M-20210922-comp-1 re-annotation	DOE Joint Genome Institute  (JGI)	3300069274	Gs0161344	Environmental	Terrestrial	Tropical forest	Soil	Unclassified	17.972832	-66.857711	2518130650	6046062
3300061642	*Microbiome	Permanent Draft	Terrestrial soil microbial communities from various NEON sites located in USA and Puerto Rico	Terrestrial soil microbial communities from Guanica State Forest and Biosphere Reserve, Puerto Rico - GUAN_006-M-20210922-comp-1	DOE Joint Genome Institute  (JGI)	3300061642	Gs0161344	Environmental	Terrestrial	Tropical forest	Soil	Unclassified	17.963818	-66.875667	1436075524	2481733
3300069241	*Microbiome	Permanent Draft	Terrestrial soil microbial communities from various NEON sites located in USA and Puerto Rico	Terrestrial soil microbial communities from National Grasslands LBJ, Texas, USA - CLBJ_038-M-20210504-comp-1 re-annotation	DOE Joint Genome Institute  (JGI)	3300069241	Gs0161344	Environmental	Terrestrial	Grasslands	Soil	Unclassified	33.41426	-97.5971	2542924798	6474566
3300069271	*Microbiome	Permanent Draft	Terrestrial soil microbial communities from various NEON sites located in USA and Puerto Rico	Terrestrial soil microbial communities from Guanica State Forest and Biosphere Reserve, Puerto Rico - GUAN_003-M-20210922-comp-1 re-annotation	DOE Joint Genome Institute  (JGI)	3300069271	Gs0161344	Environmental	Terrestrial	Tropical forest	Soil	Unclassified	17.973138	-66.861701	2397426858	5771484
3300061180	*Microbiome	Permanent Draft	Terrestrial soil microbial communities from various NEON sites located in USA and Puerto Rico	Terrestrial soil microbial communities from Toolik Field Station, Alaska, USA - TOOL_044-O-20210803-comp-1	DOE Joint Genome Institute  (JGI)	3300061180	Gs0161344	Environmental	Terrestrial	Tundra	Soil	Unclassified	68.658157	-149.362189	2126661703	3593818
3300062116	*Microbiome	Permanent Draft	Terrestrial soil microbial communities from various NEON sites located in USA and Puerto Rico	Terrestrial soil microbial communities from Great Basin, Onaqui, Utah, USA - ONAQ_010-M-20210526-comp-1	DOE Joint Genome Institute  (JGI)	3300062116	Gs0161344	Environmental	Terrestrial	Shrubland	Soil	Unclassified	40.201043	-112.497129	1556926120	2735264
3300060656	*Microbiome	Permanent Draft	Terrestrial soil microbial communities from various NEON sites located in USA and Puerto Rico	Terrestrial soil microbial communities from Toolik Field Station, Alaska, USA - TOOL_005-O-20210806-comp-1	DOE Joint Genome Institute  (JGI)	3300060656	Gs0161344	Environmental	Terrestrial	Tundra	Soil	Unclassified	68.560148	-149.528532	1853998825	2993133
3300069238	*Microbiome	Permanent Draft	Terrestrial soil microbial communities from various NEON sites located in USA and Puerto Rico	Terrestrial soil microbial communities from Yellowstone NP, Wyoming, USA - YELL_012-O-20210708-comp-1 re-annotation	DOE Joint Genome Institute  (JGI)	3300069238	Gs0161344	Environmental	Terrestrial	Temperate forest	Soil	Unclassified	44.944613	-110.433659	3125604789	7412587
3300061176	*Microbiome	Permanent Draft	Terrestrial soil microbial communities from various NEON sites located in USA and Puerto Rico	Terrestrial soil microbial communities from Santa Rita Experimental Range, Tucson, Arizona, USA - SRER_047-M-20210809-comp-1	DOE Joint Genome Institute  (JGI)	3300061176	Gs0161344	Environmental	Terrestrial	Desert	Soil	Unclassified	31.910358	-110.838435	651768128	1219849
3300060666	*Microbiome	Permanent Draft	Terrestrial soil microbial communities from various NEON sites located in USA and Puerto Rico	Terrestrial soil microbial communities from Niwot Ridge, Colorado, USA - NIWO_001-O-20210728-comp-1	DOE Joint Genome Institute  (JGI)	3300060666	Gs0161344	Environmental	Terrestrial	Temperate forest	Soil	Unclassified	40.042345	-105.558975	1272937701	2205668